name_of_the_course,price,course_description,content_creator,average_rating,course_duration
Data Science for Professionals,455,It's time to leave spreadsheets behind...,GS,4.7,6.5
R for Data Science: R Programming Bootcamp,455,"Learn R Programming Fundamentals, Data Wrangling, Data Visualization for Data Science",SM,4.7,6
The Complete Python 3 Masterclass - From Beginner To Pro,455,"Python for beginners, Learn Python Programming and build your own Python programs: Data Science, Machine Learning, etc.",DP&JS,4.7,27.5
"Python Beyond Basics for Machine Learning, Data Science, AI",455,"Data Science, Machine Learning and Artificial Intelligence with Python",PD,4.7,13.5
Python in a Weekend: The Easiest Python for Beginners Course,455,"Jump into Python by Building Your First 3 Python-Based Apps. Python = Data Science, Machine Learning, App Development+",NW&PE,4.7,4.5
Machine Learning for Absolute Beginners - Level 2,455,Learn the Python Fundamentals and Pandas Library for Data Science Projects,IG,4.7,4
Data Science Project Planning,618,Fundamental Concepts for Beginners,GR,4.7,5
Tableau for Data Science with R & Python Integration,455,Master Data Visualization and Improve Your Data Science Skills with Tableau Desktop integrated with R and Python,CB,4.7,5.5
Ultimate Data Science Bootcamp in Python with 5 Projects,455,Master Data Science and Machine Learning with Python and complete 5 Data Science Capstone Projects,DisG,4.8,15
How to Start a Career in Data Science 2021,455,"The Ultimate Guide to Starting a Data Science Career: Create a Project Portfolio, Build Your Resume, Get an Interview",KJ,4.8,4.5
Machine Learning and AI: Support Vector Machines in Python,455,Artificial Intelligence and Data Science Algorithms in Python for Classification and Regression,LPInc,4.8,9
Complete Python + Django + Data Science course,455,"Python Fundamentals, OOP, Data Science, Django and more!",YA,4.8,38
R Programming for Data Science and Machine Learning,"1,920","Learn R Programming Language for Data Science, Machine Learning, Data Analysis and Data Visualization with Libraries",TXL,4.8,7.5
Complete Python for data science and cloud computing,455,A complete & in-depth use case course taught by data science PHD & business consultants with thousand examples,DI,4.8,49
Data Science Job: How to become a Data Scientist,455,Find your first job as a Data Scientist.,PC,4.8,1
Data science and Data preparation with KNIME,455,KNIME - a powerful tool for data science and machine learning Data science with higher efficiency. KNIME data cleaning,DW,4.8,4
R Programming for Data Science and Machine Learning,455,Learn R programming to implement Machine Learning & DS algorithms,SKG,4.8,13.5
Statistical Thinking and Data Science with R.,455,"R from A-Z! Statistics, Advanced Regression,Visualizations, Probabilities, Inference, Simulations and Machine learning.",HO,4.8,24.5
Data Science Quick Start: Focus On Correlation & Python,455,Make 2021 The Year To Get Started in Data Science: Learn The Rudiments of Correlation Analysis & Python.,ARN,4.9,2.5
Data Science with SAP - Machine Learning for Enterprise Data,455,"An Ultimate Hands On Masterclass for Applying Machine Learning, Data Science techniques on SAP Data to derive insights",MAIL,5,20
Python and Data Science from Scratch With RealLife Exercises,455,"Learn Data Science with Python programming. Use NumPy, Pandas, Matplotlib and dive in Data Science with Python Examples",OA,5,12.5